image_path,label
C:\Users\watsa\OneDrive\Desktop\assignment\Y4S2\ce project 2\dognose\0\chaidai\15\train\20251217_115604(0).jpg,0
C:\Users\watsa\OneDrive\Desktop\assignment\Y4S2\ce project 2\dognose\0\chaidai\15\train\20251217_115604.jpg,0
C:\Users\watsa\OneDrive\Desktop\assignment\Y4S2\ce project 2\dognose\0\chaidai\15\train\20251217_115648.jpg,0
C:\Users\watsa\OneDrive\Desktop\assignment\Y4S2\ce project 2\dognose\0\chaidai\15\train\20251217_115652.jpg,0
C:\Users\watsa\OneDrive\Desktop\assignment\Y4S2\ce project 2\dognose\0\chaidai\15\train\20251217_115847.jpg,0
C:\Users\watsa\OneDrive\Desktop\assignment\Y4S2\ce project 2\dognose\0\chaidai\15\train\20251217_115844.jpg,0
C:\Users\watsa\OneDrive\Desktop\assignment\Y4S2\ce project 2\dognose\0\chaidai\15\train\20251217_115842.jpg,0
C:\Users\watsa\OneDrive\Desktop\assignment\Y4S2\ce project 2\dognose\0\chaidai\15\train\20251217_115723.jpg,0
C:\Users\watsa\OneDrive\Desktop\assignment\Y4S2\ce project 2\dognose\0\chaidai\15\train\20251217_115853.jpg,0
C:\Users\watsa\OneDrive\Desktop\assignment\Y4S2\ce project 2\dognose\0\chaidai\15\train\20251217_115708.jpg,0
C:\Users\watsa\OneDrive\Desktop\assignment\Y4S2\ce project 2\dognose\0\chaidai\15\train\20251217_115703.jpg,0
C:\Users\watsa\OneDrive\Desktop\assignment\Y4S2\ce project 2\dognose\0\chaidai\15\train\20251217_115819(0).jpg,0
C:\Users\watsa\OneDrive\Desktop\assignment\Y4S2\ce project 2\dognose\1\chaidai\15\train\20251217_115500_cr.jpg,1
C:\Users\watsa\OneDrive\Desktop\assignment\Y4S2\ce project 2\dognose\1\chaidai\15\train\20251217_115507_cr.jpg,1
C:\Users\watsa\OneDrive\Desktop\assignment\Y4S2\ce project 2\dognose\1\chaidai\15\train\20251217_115515(0)_cr.jpg,1
C:\Users\watsa\OneDrive\Desktop\assignment\Y4S2\ce project 2\dognose\1\chaidai\15\train\20251217_115456_cr.jpg,1
C:\Users\watsa\OneDrive\Desktop\assignment\Y4S2\ce project 2\dognose\1\chaidai\15\train\20251217_115231_cr.jpg,1
C:\Users\watsa\OneDrive\Desktop\assignment\Y4S2\ce project 2\dognose\1\chaidai\15\train\20251217_115226_cr.jpg,1
C:\Users\watsa\OneDrive\Desktop\assignment\Y4S2\ce project 2\dognose\1\chaidai\15\train\20251217_115247_cr.jpg,1
C:\Users\watsa\OneDrive\Desktop\assignment\Y4S2\ce project 2\dognose\1\chaidai\15\train\20251217_115517_cr.jpg,1
C:\Users\watsa\OneDrive\Desktop\assignment\Y4S2\ce project 2\dognose\1\chaidai\15\train\20251217_115455_cr.jpg,1
C:\Users\watsa\OneDrive\Desktop\assignment\Y4S2\ce project 2\dognose\1\chaidai\15\train\20251217_115449_cr.jpg,1
C:\Users\watsa\OneDrive\Desktop\assignment\Y4S2\ce project 2\dognose\1\chaidai\15\train\20251217_115337(0)_cr.jpg,1
C:\Users\watsa\OneDrive\Desktop\assignment\Y4S2\ce project 2\dognose\1\chaidai\15\train\20251217_115336_cr.jpg,1
C:\Users\watsa\OneDrive\Desktop\assignment\Y4S2\ce project 2\dognose\2\chaidai\15\train\20251217_115021(0)_cr.jpg,2
C:\Users\watsa\OneDrive\Desktop\assignment\Y4S2\ce project 2\dognose\2\chaidai\15\train\20251217_115021_cr.jpg,2
C:\Users\watsa\OneDrive\Desktop\assignment\Y4S2\ce project 2\dognose\2\chaidai\15\train\20251217_115025(0)_cr.jpg,2
C:\Users\watsa\OneDrive\Desktop\assignment\Y4S2\ce project 2\dognose\2\chaidai\15\train\20251217_115026(0)_cr.jpg,2
C:\Users\watsa\OneDrive\Desktop\assignment\Y4S2\ce project 2\dognose\2\chaidai\15\train\20251217_115106_cr.jpg,2
C:\Users\watsa\OneDrive\Desktop\assignment\Y4S2\ce project 2\dognose\2\chaidai\15\train\20251217_115106(1)_cr.jpg,2
C:\Users\watsa\OneDrive\Desktop\assignment\Y4S2\ce project 2\dognose\2\chaidai\15\train\20251217_115105(0)_cr.jpg,2
C:\Users\watsa\OneDrive\Desktop\assignment\Y4S2\ce project 2\dognose\2\chaidai\15\train\20251217_115038_cr.jpg,2
C:\Users\watsa\OneDrive\Desktop\assignment\Y4S2\ce project 2\dognose\2\chaidai\15\train\20251217_115026(1)_cr.jpg,2
C:\Users\watsa\OneDrive\Desktop\assignment\Y4S2\ce project 2\dognose\2\chaidai\15\train\20251217_115031_cr.jpg,2
C:\Users\watsa\OneDrive\Desktop\assignment\Y4S2\ce project 2\dognose\2\chaidai\15\train\20251217_115032_cr.jpg,2
C:\Users\watsa\OneDrive\Desktop\assignment\Y4S2\ce project 2\dognose\2\chaidai\15\train\20251217_115033_cr.jpg,2
C:\Users\watsa\OneDrive\Desktop\assignment\Y4S2\ce project 2\dognose\3\chaidai\train\20251217_114957_cr.jpg,3
C:\Users\watsa\OneDrive\Desktop\assignment\Y4S2\ce project 2\dognose\3\chaidai\train\20251217_114957(1)_cr.jpg,3
C:\Users\watsa\OneDrive\Desktop\assignment\Y4S2\ce project 2\dognose\3\chaidai\train\20251217_114956_cr.jpg,3
C:\Users\watsa\OneDrive\Desktop\assignment\Y4S2\ce project 2\dognose\3\chaidai\train\20251217_114956(0)_cr.jpg,3
C:\Users\watsa\OneDrive\Desktop\assignment\Y4S2\ce project 2\dognose\3\chaidai\train\20251217_114955_cr.jpg,3
C:\Users\watsa\OneDrive\Desktop\assignment\Y4S2\ce project 2\dognose\3\chaidai\train\20251217_114955(1)_cr.jpg,3
C:\Users\watsa\OneDrive\Desktop\assignment\Y4S2\ce project 2\dognose\3\chaidai\train\20251217_114954_cr.jpg,3
C:\Users\watsa\OneDrive\Desktop\assignment\Y4S2\ce project 2\dognose\3\chaidai\train\20251217_114953_cr.jpg,3
C:\Users\watsa\OneDrive\Desktop\assignment\Y4S2\ce project 2\dognose\3\chaidai\train\20251217_114832(0)_cr.jpg,3
C:\Users\watsa\OneDrive\Desktop\assignment\Y4S2\ce project 2\dognose\3\chaidai\train\20251217_114846(0)_cr.jpg,3
C:\Users\watsa\OneDrive\Desktop\assignment\Y4S2\ce project 2\dognose\3\chaidai\train\20251217_114948_cr.jpg,3
C:\Users\watsa\OneDrive\Desktop\assignment\Y4S2\ce project 2\dognose\3\chaidai\train\20251217_114952(0)_cr.jpg,3
C:\Users\watsa\OneDrive\Desktop\assignment\Y4S2\ce project 2\dognose\4\chaidai\15\train\20251217_114752_cr.jpg,4
C:\Users\watsa\OneDrive\Desktop\assignment\Y4S2\ce project 2\dognose\4\chaidai\15\train\20251217_114751(0)_cr.jpg,4
C:\Users\watsa\OneDrive\Desktop\assignment\Y4S2\ce project 2\dognose\4\chaidai\15\train\20251217_114747(0)_cr.jpg,4
C:\Users\watsa\OneDrive\Desktop\assignment\Y4S2\ce project 2\dognose\4\chaidai\15\train\20251217_114744_cr.jpg,4
C:\Users\watsa\OneDrive\Desktop\assignment\Y4S2\ce project 2\dognose\4\chaidai\15\train\20251217_114804_cr.jpg,4
C:\Users\watsa\OneDrive\Desktop\assignment\Y4S2\ce project 2\dognose\4\chaidai\15\train\20251217_114803_cr.jpg,4
C:\Users\watsa\OneDrive\Desktop\assignment\Y4S2\ce project 2\dognose\4\chaidai\15\train\20251217_114803(0)_cr.jpg,4
C:\Users\watsa\OneDrive\Desktop\assignment\Y4S2\ce project 2\dognose\4\chaidai\15\train\20251217_114802_cr.jpg,4
C:\Users\watsa\OneDrive\Desktop\assignment\Y4S2\ce project 2\dognose\4\chaidai\15\train\20251217_114757_cr.jpg,4
C:\Users\watsa\OneDrive\Desktop\assignment\Y4S2\ce project 2\dognose\4\chaidai\15\train\20251217_114800(0)_cr.jpg,4
C:\Users\watsa\OneDrive\Desktop\assignment\Y4S2\ce project 2\dognose\4\chaidai\15\train\20251217_114802(0)_cr.jpg,4
C:\Users\watsa\OneDrive\Desktop\assignment\Y4S2\ce project 2\dognose\4\chaidai\15\train\20251217_114802(1)_cr.jpg,4
C:\Users\watsa\OneDrive\Desktop\assignment\Y4S2\ce project 2\dognose\5\chaidai\15\train\20251217_114604_cr.jpg,5
C:\Users\watsa\OneDrive\Desktop\assignment\Y4S2\ce project 2\dognose\5\chaidai\15\train\20251217_114649_cr.jpg,5
C:\Users\watsa\OneDrive\Desktop\assignment\Y4S2\ce project 2\dognose\5\chaidai\15\train\20251217_114701_cr.jpg,5
C:\Users\watsa\OneDrive\Desktop\assignment\Y4S2\ce project 2\dognose\5\chaidai\15\train\20251217_114703_cr.jpg,5
C:\Users\watsa\OneDrive\Desktop\assignment\Y4S2\ce project 2\dognose\5\chaidai\15\train\20251217_114715(1)_cr.jpg,5
C:\Users\watsa\OneDrive\Desktop\assignment\Y4S2\ce project 2\dognose\5\chaidai\15\train\20251217_114715(0)_cr.jpg,5
C:\Users\watsa\OneDrive\Desktop\assignment\Y4S2\ce project 2\dognose\5\chaidai\15\train\20251217_114711(0)_cr.jpg,5
C:\Users\watsa\OneDrive\Desktop\assignment\Y4S2\ce project 2\dognose\5\chaidai\15\train\20251217_114709(1)_cr.jpg,5
C:\Users\watsa\OneDrive\Desktop\assignment\Y4S2\ce project 2\dognose\5\chaidai\15\train\20251217_114708(0)_cr.jpg,5
C:\Users\watsa\OneDrive\Desktop\assignment\Y4S2\ce project 2\dognose\5\chaidai\15\train\20251217_114707_cr.jpg,5
C:\Users\watsa\OneDrive\Desktop\assignment\Y4S2\ce project 2\dognose\5\chaidai\15\train\20251217_114707(0)_cr.jpg,5
C:\Users\watsa\OneDrive\Desktop\assignment\Y4S2\ce project 2\dognose\5\chaidai\15\train\20251217_114706(0)_cr.jpg,5
C:\Users\watsa\OneDrive\Desktop\assignment\Y4S2\ce project 2\dognose\6\chaidai\15\train\20251217_114537(0)_cr.jpg,6
C:\Users\watsa\OneDrive\Desktop\assignment\Y4S2\ce project 2\dognose\6\chaidai\15\train\20251217_114536_cr.jpg,6
C:\Users\watsa\OneDrive\Desktop\assignment\Y4S2\ce project 2\dognose\6\chaidai\15\train\20251217_114536(0)_cr.jpg,6
C:\Users\watsa\OneDrive\Desktop\assignment\Y4S2\ce project 2\dognose\6\chaidai\15\train\20251217_114535_cr.jpg,6
C:\Users\watsa\OneDrive\Desktop\assignment\Y4S2\ce project 2\dognose\6\chaidai\15\train\20251217_114534(0)_cr.jpg,6
C:\Users\watsa\OneDrive\Desktop\assignment\Y4S2\ce project 2\dognose\6\chaidai\15\train\20251217_114533(0)_cr.jpg,6
C:\Users\watsa\OneDrive\Desktop\assignment\Y4S2\ce project 2\dognose\6\chaidai\15\train\20251217_114530(0)_cr.jpg,6
C:\Users\watsa\OneDrive\Desktop\assignment\Y4S2\ce project 2\dognose\6\chaidai\15\train\20251217_114452_cr.jpg,6
C:\Users\watsa\OneDrive\Desktop\assignment\Y4S2\ce project 2\dognose\6\chaidai\15\train\20251217_114441_cr.jpg,6
C:\Users\watsa\OneDrive\Desktop\assignment\Y4S2\ce project 2\dognose\6\chaidai\15\train\20251217_114417_cr.jpg,6
C:\Users\watsa\OneDrive\Desktop\assignment\Y4S2\ce project 2\dognose\6\chaidai\15\train\20251217_114416_cr.jpg,6
C:\Users\watsa\OneDrive\Desktop\assignment\Y4S2\ce project 2\dognose\6\chaidai\15\train\20251217_114416(1)_cr.jpg,6
C:\Users\watsa\OneDrive\Desktop\assignment\Y4S2\ce project 2\dognose\7\chaidai\15\train\20251217_114325(0)_cr.jpg,7
C:\Users\watsa\OneDrive\Desktop\assignment\Y4S2\ce project 2\dognose\7\chaidai\15\train\20251217_114316_cr.jpg,7
C:\Users\watsa\OneDrive\Desktop\assignment\Y4S2\ce project 2\dognose\7\chaidai\15\train\20251217_114308_cr.jpg,7
C:\Users\watsa\OneDrive\Desktop\assignment\Y4S2\ce project 2\dognose\7\chaidai\15\train\20251217_114304(0)_cr.jpg,7
C:\Users\watsa\OneDrive\Desktop\assignment\Y4S2\ce project 2\dognose\7\chaidai\15\train\20251217_114353_cr.jpg,7
C:\Users\watsa\OneDrive\Desktop\assignment\Y4S2\ce project 2\dognose\7\chaidai\15\train\20251217_114353(1)_cr.jpg,7
C:\Users\watsa\OneDrive\Desktop\assignment\Y4S2\ce project 2\dognose\7\chaidai\15\train\20251217_114349(1)_cr.jpg,7
C:\Users\watsa\OneDrive\Desktop\assignment\Y4S2\ce project 2\dognose\7\chaidai\15\train\20251217_114342_cr.jpg,7
C:\Users\watsa\OneDrive\Desktop\assignment\Y4S2\ce project 2\dognose\7\chaidai\15\train\20251217_114327_cr.jpg,7
C:\Users\watsa\OneDrive\Desktop\assignment\Y4S2\ce project 2\dognose\7\chaidai\15\train\20251217_114328(0)_cr.jpg,7
C:\Users\watsa\OneDrive\Desktop\assignment\Y4S2\ce project 2\dognose\7\chaidai\15\train\20251217_114329_cr.jpg,7
C:\Users\watsa\OneDrive\Desktop\assignment\Y4S2\ce project 2\dognose\7\chaidai\15\train\20251217_114334(1)_cr.jpg,7
C:\Users\watsa\OneDrive\Desktop\assignment\Y4S2\ce project 2\dognose\8\chaidai\15\train\20251217_114137_cr.jpg,8
C:\Users\watsa\OneDrive\Desktop\assignment\Y4S2\ce project 2\dognose\8\chaidai\15\train\20251217_114153(0)_cr.jpg,8
C:\Users\watsa\OneDrive\Desktop\assignment\Y4S2\ce project 2\dognose\8\chaidai\15\train\20251217_114154_cr.jpg,8
C:\Users\watsa\OneDrive\Desktop\assignment\Y4S2\ce project 2\dognose\8\chaidai\15\train\20251217_114159_cr.jpg,8
C:\Users\watsa\OneDrive\Desktop\assignment\Y4S2\ce project 2\dognose\8\chaidai\15\train\20251217_114206(0)_cr.jpg,8
C:\Users\watsa\OneDrive\Desktop\assignment\Y4S2\ce project 2\dognose\8\chaidai\15\train\20251217_114201_cr.jpg,8
C:\Users\watsa\OneDrive\Desktop\assignment\Y4S2\ce project 2\dognose\8\chaidai\15\train\20251217_114201(1)_cr.jpg,8
C:\Users\watsa\OneDrive\Desktop\assignment\Y4S2\ce project 2\dognose\8\chaidai\15\train\20251217_114201(0)_cr.jpg,8
C:\Users\watsa\OneDrive\Desktop\assignment\Y4S2\ce project 2\dognose\8\chaidai\15\train\20251217_114208_cr.jpg,8
C:\Users\watsa\OneDrive\Desktop\assignment\Y4S2\ce project 2\dognose\8\chaidai\15\train\20251217_114208(1)_cr.jpg,8
C:\Users\watsa\OneDrive\Desktop\assignment\Y4S2\ce project 2\dognose\8\chaidai\15\train\20251217_114207_cr.jpg,8
C:\Users\watsa\OneDrive\Desktop\assignment\Y4S2\ce project 2\dognose\8\chaidai\15\train\20251217_114206_cr.jpg,8
C:\Users\watsa\OneDrive\Desktop\assignment\Y4S2\ce project 2\dognose\9\chaidai\15\train\20251217_113927(0)_cr.jpg,9
C:\Users\watsa\OneDrive\Desktop\assignment\Y4S2\ce project 2\dognose\9\chaidai\15\train\20251217_113925(0)_cr.jpg,9
C:\Users\watsa\OneDrive\Desktop\assignment\Y4S2\ce project 2\dognose\9\chaidai\15\train\20251217_113924(0)_cr.jpg,9
C:\Users\watsa\OneDrive\Desktop\assignment\Y4S2\ce project 2\dognose\9\chaidai\15\train\20251217_113916_cr.jpg,9
C:\Users\watsa\OneDrive\Desktop\assignment\Y4S2\ce project 2\dognose\9\chaidai\15\train\20251217_113940(0)_cr.jpg,9
C:\Users\watsa\OneDrive\Desktop\assignment\Y4S2\ce project 2\dognose\9\chaidai\15\train\20251217_113946_cr.jpg,9
C:\Users\watsa\OneDrive\Desktop\assignment\Y4S2\ce project 2\dognose\9\chaidai\15\train\20251217_114017(0)_cr.jpg,9
C:\Users\watsa\OneDrive\Desktop\assignment\Y4S2\ce project 2\dognose\9\chaidai\15\train\20251217_114018(1)_cr.jpg,9
C:\Users\watsa\OneDrive\Desktop\assignment\Y4S2\ce project 2\dognose\9\chaidai\15\train\20251217_114024(0)_cr.jpg,9
C:\Users\watsa\OneDrive\Desktop\assignment\Y4S2\ce project 2\dognose\9\chaidai\15\train\20251217_114026_cr.jpg,9
C:\Users\watsa\OneDrive\Desktop\assignment\Y4S2\ce project 2\dognose\9\chaidai\15\train\20251217_114037_cr.jpg,9
C:\Users\watsa\OneDrive\Desktop\assignment\Y4S2\ce project 2\dognose\9\chaidai\15\train\20251217_114039_cr.jpg,9
C:\Users\watsa\OneDrive\Desktop\assignment\Y4S2\ce project 2\dognose\10\chaidai\15\train\20251217_113743(0)_cr.jpg,10
C:\Users\watsa\OneDrive\Desktop\assignment\Y4S2\ce project 2\dognose\10\chaidai\15\train\20251217_113744_cr.jpg,10
C:\Users\watsa\OneDrive\Desktop\assignment\Y4S2\ce project 2\dognose\10\chaidai\15\train\20251217_113755_cr.jpg,10
C:\Users\watsa\OneDrive\Desktop\assignment\Y4S2\ce project 2\dognose\10\chaidai\15\train\20251217_113806_cr.jpg,10
C:\Users\watsa\OneDrive\Desktop\assignment\Y4S2\ce project 2\dognose\10\chaidai\15\train\20251217_113716_cr.jpg,10
C:\Users\watsa\OneDrive\Desktop\assignment\Y4S2\ce project 2\dognose\10\chaidai\15\train\20251217_113723(0)_cr.jpg,10
C:\Users\watsa\OneDrive\Desktop\assignment\Y4S2\ce project 2\dognose\10\chaidai\15\train\20251217_113723(1)_cr.jpg,10
C:\Users\watsa\OneDrive\Desktop\assignment\Y4S2\ce project 2\dognose\10\chaidai\15\train\20251217_113724(0)_cr.jpg,10
C:\Users\watsa\OneDrive\Desktop\assignment\Y4S2\ce project 2\dognose\10\chaidai\15\train\20251217_113742(0)_cr.jpg,10
C:\Users\watsa\OneDrive\Desktop\assignment\Y4S2\ce project 2\dognose\10\chaidai\15\train\20251217_113736_cr.jpg,10
C:\Users\watsa\OneDrive\Desktop\assignment\Y4S2\ce project 2\dognose\10\chaidai\15\train\20251217_113736(1)_cr.jpg,10
C:\Users\watsa\OneDrive\Desktop\assignment\Y4S2\ce project 2\dognose\10\chaidai\15\train\20251217_113736(0)_cr.jpg,10
C:\Users\watsa\OneDrive\Desktop\assignment\Y4S2\ce project 2\dognose\11\chaidai\15\train\20251217_112942(0)_cr.jpg,11
C:\Users\watsa\OneDrive\Desktop\assignment\Y4S2\ce project 2\dognose\11\chaidai\15\train\20251217_112932_cr.jpg,11
C:\Users\watsa\OneDrive\Desktop\assignment\Y4S2\ce project 2\dognose\11\chaidai\15\train\20251217_112927(0)_cr.jpg,11
C:\Users\watsa\OneDrive\Desktop\assignment\Y4S2\ce project 2\dognose\11\chaidai\15\train\20251217_112926_cr.jpg,11
C:\Users\watsa\OneDrive\Desktop\assignment\Y4S2\ce project 2\dognose\11\chaidai\15\train\20251217_112948(0)_cr.jpg,11
C:\Users\watsa\OneDrive\Desktop\assignment\Y4S2\ce project 2\dognose\11\chaidai\15\train\20251217_112948_cr.jpg,11
C:\Users\watsa\OneDrive\Desktop\assignment\Y4S2\ce project 2\dognose\11\chaidai\15\train\20251217_112949(1)_cr.jpg,11
C:\Users\watsa\OneDrive\Desktop\assignment\Y4S2\ce project 2\dognose\11\chaidai\15\train\20251217_112949_cr.jpg,11
C:\Users\watsa\OneDrive\Desktop\assignment\Y4S2\ce project 2\dognose\11\chaidai\15\train\20251217_112950_cr.jpg,11
C:\Users\watsa\OneDrive\Desktop\assignment\Y4S2\ce project 2\dognose\11\chaidai\15\train\20251217_112951_cr.jpg,11
C:\Users\watsa\OneDrive\Desktop\assignment\Y4S2\ce project 2\dognose\11\chaidai\15\train\20251217_112954(0)_cr.jpg,11
C:\Users\watsa\OneDrive\Desktop\assignment\Y4S2\ce project 2\dognose\11\chaidai\15\train\20251217_112959_cr.jpg,11
C:\Users\watsa\OneDrive\Desktop\assignment\Y4S2\ce project 2\dognose\12\chaidai\15\train\20251217_112720.jpg,12
C:\Users\watsa\OneDrive\Desktop\assignment\Y4S2\ce project 2\dognose\12\chaidai\15\train\20251217_112732(0).jpg,12
C:\Users\watsa\OneDrive\Desktop\assignment\Y4S2\ce project 2\dognose\12\chaidai\15\train\20251217_112732.jpg,12
C:\Users\watsa\OneDrive\Desktop\assignment\Y4S2\ce project 2\dognose\12\chaidai\15\train\20251217_112733(0).jpg,12
C:\Users\watsa\OneDrive\Desktop\assignment\Y4S2\ce project 2\dognose\12\chaidai\15\train\20251217_112805.jpg,12
C:\Users\watsa\OneDrive\Desktop\assignment\Y4S2\ce project 2\dognose\12\chaidai\15\train\20251217_112803.jpg,12
C:\Users\watsa\OneDrive\Desktop\assignment\Y4S2\ce project 2\dognose\12\chaidai\15\train\20251217_112759(0).jpg,12
C:\Users\watsa\OneDrive\Desktop\assignment\Y4S2\ce project 2\dognose\12\chaidai\15\train\20251217_112747.jpg,12
C:\Users\watsa\OneDrive\Desktop\assignment\Y4S2\ce project 2\dognose\12\chaidai\15\train\20251217_112747(0).jpg,12
C:\Users\watsa\OneDrive\Desktop\assignment\Y4S2\ce project 2\dognose\12\chaidai\15\train\20251217_112746(0).jpg,12
C:\Users\watsa\OneDrive\Desktop\assignment\Y4S2\ce project 2\dognose\12\chaidai\15\train\20251217_112745.jpg,12
C:\Users\watsa\OneDrive\Desktop\assignment\Y4S2\ce project 2\dognose\12\chaidai\15\train\20251217_112744(0).jpg,12
C:\Users\watsa\OneDrive\Desktop\assignment\Y4S2\ce project 2\dognose\13\chaidai\15\train\20251217_112520.jpg,13
C:\Users\watsa\OneDrive\Desktop\assignment\Y4S2\ce project 2\dognose\13\chaidai\15\train\20251217_112521.jpg,13
C:\Users\watsa\OneDrive\Desktop\assignment\Y4S2\ce project 2\dognose\13\chaidai\15\train\20251217_112532.jpg,13
C:\Users\watsa\OneDrive\Desktop\assignment\Y4S2\ce project 2\dognose\13\chaidai\15\train\20251217_112533(0).jpg,13
C:\Users\watsa\OneDrive\Desktop\assignment\Y4S2\ce project 2\dognose\13\chaidai\15\train\20251217_112519.jpg,13
C:\Users\watsa\OneDrive\Desktop\assignment\Y4S2\ce project 2\dognose\13\chaidai\15\train\20251217_112445.jpg,13
C:\Users\watsa\OneDrive\Desktop\assignment\Y4S2\ce project 2\dognose\13\chaidai\15\train\20251217_112444.jpg,13
C:\Users\watsa\OneDrive\Desktop\assignment\Y4S2\ce project 2\dognose\13\chaidai\15\train\20251217_112359.jpg,13
C:\Users\watsa\OneDrive\Desktop\assignment\Y4S2\ce project 2\dognose\13\chaidai\15\train\20251217_112551.jpg,13
C:\Users\watsa\OneDrive\Desktop\assignment\Y4S2\ce project 2\dognose\13\chaidai\15\train\20251217_112550.jpg,13
C:\Users\watsa\OneDrive\Desktop\assignment\Y4S2\ce project 2\dognose\13\chaidai\15\train\20251217_112550(0).jpg,13
C:\Users\watsa\OneDrive\Desktop\assignment\Y4S2\ce project 2\dognose\13\chaidai\15\train\20251217_112533(1).jpg,13
C:\Users\watsa\OneDrive\Desktop\assignment\Y4S2\ce project 2\dognose\14\chaidai\15\train\20251217_112249.jpg,14
C:\Users\watsa\OneDrive\Desktop\assignment\Y4S2\ce project 2\dognose\14\chaidai\15\train\20251217_112250.jpg,14
C:\Users\watsa\OneDrive\Desktop\assignment\Y4S2\ce project 2\dognose\14\chaidai\15\train\20251217_112259.jpg,14
C:\Users\watsa\OneDrive\Desktop\assignment\Y4S2\ce project 2\dognose\14\chaidai\15\train\20251217_112306.jpg,14
C:\Users\watsa\OneDrive\Desktop\assignment\Y4S2\ce project 2\dognose\14\chaidai\15\train\20251217_112234.jpg,14
C:\Users\watsa\OneDrive\Desktop\assignment\Y4S2\ce project 2\dognose\14\chaidai\15\train\20251217_112226.jpg,14
C:\Users\watsa\OneDrive\Desktop\assignment\Y4S2\ce project 2\dognose\14\chaidai\15\train\20251217_112216.jpg,14
C:\Users\watsa\OneDrive\Desktop\assignment\Y4S2\ce project 2\dognose\14\chaidai\15\train\20251217_112159.jpg,14
C:\Users\watsa\OneDrive\Desktop\assignment\Y4S2\ce project 2\dognose\14\chaidai\15\train\20251217_112248.jpg,14
C:\Users\watsa\OneDrive\Desktop\assignment\Y4S2\ce project 2\dognose\14\chaidai\15\train\20251217_112239.jpg,14
C:\Users\watsa\OneDrive\Desktop\assignment\Y4S2\ce project 2\dognose\14\chaidai\15\train\20251217_112238.jpg,14
C:\Users\watsa\OneDrive\Desktop\assignment\Y4S2\ce project 2\dognose\14\chaidai\15\train\20251217_112237.jpg,14
C:\Users\watsa\OneDrive\Desktop\assignment\Y4S2\ce project 2\dognose\15\chaidai\15\train\20251217_111711.jpg,15
C:\Users\watsa\OneDrive\Desktop\assignment\Y4S2\ce project 2\dognose\15\chaidai\15\train\20251217_111711(0).jpg,15
C:\Users\watsa\OneDrive\Desktop\assignment\Y4S2\ce project 2\dognose\15\chaidai\15\train\20251217_111710(0).jpg,15
C:\Users\watsa\OneDrive\Desktop\assignment\Y4S2\ce project 2\dognose\15\chaidai\15\train\20251217_111709.jpg,15
C:\Users\watsa\OneDrive\Desktop\assignment\Y4S2\ce project 2\dognose\15\chaidai\15\train\20251217_111708(0).jpg,15
C:\Users\watsa\OneDrive\Desktop\assignment\Y4S2\ce project 2\dognose\15\chaidai\15\train\20251217_111707.jpg,15
C:\Users\watsa\OneDrive\Desktop\assignment\Y4S2\ce project 2\dognose\15\chaidai\15\train\20251217_111705.jpg,15
C:\Users\watsa\OneDrive\Desktop\assignment\Y4S2\ce project 2\dognose\15\chaidai\15\train\20251217_111704.jpg,15
C:\Users\watsa\OneDrive\Desktop\assignment\Y4S2\ce project 2\dognose\15\chaidai\15\train\20251217_111651.jpg,15
C:\Users\watsa\OneDrive\Desktop\assignment\Y4S2\ce project 2\dognose\15\chaidai\15\train\20251217_111701.jpg,15
C:\Users\watsa\OneDrive\Desktop\assignment\Y4S2\ce project 2\dognose\15\chaidai\15\train\20251217_111703(0).jpg,15
C:\Users\watsa\OneDrive\Desktop\assignment\Y4S2\ce project 2\dognose\15\chaidai\15\train\20251217_111704(1).jpg,15
C:\Users\watsa\OneDrive\Desktop\assignment\Y4S2\ce project 2\dognose\16\chaidai\15\train\20251217_111312(0).jpg,16
C:\Users\watsa\OneDrive\Desktop\assignment\Y4S2\ce project 2\dognose\16\chaidai\15\train\20251217_111311.jpg,16
C:\Users\watsa\OneDrive\Desktop\assignment\Y4S2\ce project 2\dognose\16\chaidai\15\train\20251217_111310.jpg,16
C:\Users\watsa\OneDrive\Desktop\assignment\Y4S2\ce project 2\dognose\16\chaidai\15\train\20251217_111310(0).jpg,16
C:\Users\watsa\OneDrive\Desktop\assignment\Y4S2\ce project 2\dognose\16\chaidai\15\train\20251217_111256.jpg,16
C:\Users\watsa\OneDrive\Desktop\assignment\Y4S2\ce project 2\dognose\16\chaidai\15\train\20251217_111257.jpg,16
C:\Users\watsa\OneDrive\Desktop\assignment\Y4S2\ce project 2\dognose\16\chaidai\15\train\20251217_111258(0).jpg,16
C:\Users\watsa\OneDrive\Desktop\assignment\Y4S2\ce project 2\dognose\16\chaidai\15\train\20251217_111259.jpg,16
C:\Users\watsa\OneDrive\Desktop\assignment\Y4S2\ce project 2\dognose\16\chaidai\15\train\20251217_111128.jpg,16
C:\Users\watsa\OneDrive\Desktop\assignment\Y4S2\ce project 2\dognose\16\chaidai\15\train\20251217_111128(0).jpg,16
C:\Users\watsa\OneDrive\Desktop\assignment\Y4S2\ce project 2\dognose\16\chaidai\15\train\20251217_111112(0).jpg,16
C:\Users\watsa\OneDrive\Desktop\assignment\Y4S2\ce project 2\dognose\16\chaidai\15\train\20251217_111025.jpg,16
C:\Users\watsa\OneDrive\Desktop\assignment\Y4S2\ce project 2\dognose\17\chaidai\15\train\20251217_110856.jpg,17
C:\Users\watsa\OneDrive\Desktop\assignment\Y4S2\ce project 2\dognose\17\chaidai\15\train\20251217_110856(0).jpg,17
C:\Users\watsa\OneDrive\Desktop\assignment\Y4S2\ce project 2\dognose\17\chaidai\15\train\20251217_110844.jpg,17
C:\Users\watsa\OneDrive\Desktop\assignment\Y4S2\ce project 2\dognose\17\chaidai\15\train\20251217_110833.jpg,17
C:\Users\watsa\OneDrive\Desktop\assignment\Y4S2\ce project 2\dognose\17\chaidai\15\train\20251217_110858.jpg,17
C:\Users\watsa\OneDrive\Desktop\assignment\Y4S2\ce project 2\dognose\17\chaidai\15\train\20251217_110941(1).jpg,17
C:\Users\watsa\OneDrive\Desktop\assignment\Y4S2\ce project 2\dognose\17\chaidai\15\train\20251217_110941.jpg,17
C:\Users\watsa\OneDrive\Desktop\assignment\Y4S2\ce project 2\dognose\17\chaidai\15\train\20251217_110942(0).jpg,17
C:\Users\watsa\OneDrive\Desktop\assignment\Y4S2\ce project 2\dognose\17\chaidai\15\train\20251217_110831(0).jpg,17
C:\Users\watsa\OneDrive\Desktop\assignment\Y4S2\ce project 2\dognose\17\chaidai\15\train\20251217_110830.jpg,17
C:\Users\watsa\OneDrive\Desktop\assignment\Y4S2\ce project 2\dognose\17\chaidai\15\train\20251217_110830(0).jpg,17
C:\Users\watsa\OneDrive\Desktop\assignment\Y4S2\ce project 2\dognose\17\chaidai\15\train\20251217_110829.jpg,17
C:\Users\watsa\OneDrive\Desktop\assignment\Y4S2\ce project 2\dognose\18\chaidai\15\train\20251217_110757(0).jpg,18
C:\Users\watsa\OneDrive\Desktop\assignment\Y4S2\ce project 2\dognose\18\chaidai\15\train\20251217_110738.jpg,18
C:\Users\watsa\OneDrive\Desktop\assignment\Y4S2\ce project 2\dognose\18\chaidai\15\train\20251217_110737(1).jpg,18
C:\Users\watsa\OneDrive\Desktop\assignment\Y4S2\ce project 2\dognose\18\chaidai\15\train\20251217_110728(0).jpg,18
C:\Users\watsa\OneDrive\Desktop\assignment\Y4S2\ce project 2\dognose\18\chaidai\15\train\20251217_110709.jpg,18
C:\Users\watsa\OneDrive\Desktop\assignment\Y4S2\ce project 2\dognose\18\chaidai\15\train\20251217_110712.jpg,18
C:\Users\watsa\OneDrive\Desktop\assignment\Y4S2\ce project 2\dognose\18\chaidai\15\train\20251217_110721.jpg,18
C:\Users\watsa\OneDrive\Desktop\assignment\Y4S2\ce project 2\dognose\18\chaidai\15\train\20251217_110725.jpg,18
C:\Users\watsa\OneDrive\Desktop\assignment\Y4S2\ce project 2\dognose\18\chaidai\15\train\20251217_110727.jpg,18
C:\Users\watsa\OneDrive\Desktop\assignment\Y4S2\ce project 2\dognose\18\chaidai\15\train\20251217_110727(1).jpg,18
C:\Users\watsa\OneDrive\Desktop\assignment\Y4S2\ce project 2\dognose\18\chaidai\15\train\20251217_110727(0).jpg,18
C:\Users\watsa\OneDrive\Desktop\assignment\Y4S2\ce project 2\dognose\18\chaidai\15\train\20251217_110726(0).jpg,18
C:\Users\watsa\OneDrive\Desktop\assignment\Y4S2\ce project 2\dognose\19\chaidai\15\train\20251217_110432(0).jpg,19
C:\Users\watsa\OneDrive\Desktop\assignment\Y4S2\ce project 2\dognose\19\chaidai\15\train\20251217_110431.jpg,19
C:\Users\watsa\OneDrive\Desktop\assignment\Y4S2\ce project 2\dognose\19\chaidai\15\train\20251217_110428.jpg,19
C:\Users\watsa\OneDrive\Desktop\assignment\Y4S2\ce project 2\dognose\19\chaidai\15\train\20251217_110427.jpg,19
C:\Users\watsa\OneDrive\Desktop\assignment\Y4S2\ce project 2\dognose\19\chaidai\15\train\20251217_110400.jpg,19
C:\Users\watsa\OneDrive\Desktop\assignment\Y4S2\ce project 2\dognose\19\chaidai\15\train\20251217_110354(1).jpg,19
C:\Users\watsa\OneDrive\Desktop\assignment\Y4S2\ce project 2\dognose\19\chaidai\15\train\20251217_110351.jpg,19
C:\Users\watsa\OneDrive\Desktop\assignment\Y4S2\ce project 2\dognose\19\chaidai\15\train\20251217_110345(0).jpg,19
C:\Users\watsa\OneDrive\Desktop\assignment\Y4S2\ce project 2\dognose\19\chaidai\15\train\20251217_110405(0).jpg,19
C:\Users\watsa\OneDrive\Desktop\assignment\Y4S2\ce project 2\dognose\19\chaidai\15\train\20251217_110417.jpg,19
C:\Users\watsa\OneDrive\Desktop\assignment\Y4S2\ce project 2\dognose\19\chaidai\15\train\20251217_110426.jpg,19
C:\Users\watsa\OneDrive\Desktop\assignment\Y4S2\ce project 2\dognose\19\chaidai\15\train\20251217_110427(0).jpg,19
C:\Users\watsa\OneDrive\Desktop\assignment\Y4S2\ce project 2\dognose\20\chaidai\15\train\20251217_110210.jpg,20
C:\Users\watsa\OneDrive\Desktop\assignment\Y4S2\ce project 2\dognose\20\chaidai\15\train\20251217_110133.jpg,20
C:\Users\watsa\OneDrive\Desktop\assignment\Y4S2\ce project 2\dognose\20\chaidai\15\train\20251217_110133(0).jpg,20
C:\Users\watsa\OneDrive\Desktop\assignment\Y4S2\ce project 2\dognose\20\chaidai\15\train\20251217_110132.jpg,20
C:\Users\watsa\OneDrive\Desktop\assignment\Y4S2\ce project 2\dognose\20\chaidai\15\train\20251217_110126(0).jpg,20
C:\Users\watsa\OneDrive\Desktop\assignment\Y4S2\ce project 2\dognose\20\chaidai\15\train\20251217_110131(0).jpg,20
C:\Users\watsa\OneDrive\Desktop\assignment\Y4S2\ce project 2\dognose\20\chaidai\15\train\20251217_110131.jpg,20
C:\Users\watsa\OneDrive\Desktop\assignment\Y4S2\ce project 2\dognose\20\chaidai\15\train\20251217_110132(0).jpg,20
C:\Users\watsa\OneDrive\Desktop\assignment\Y4S2\ce project 2\dognose\20\chaidai\15\train\20251217_110123(0).jpg,20
C:\Users\watsa\OneDrive\Desktop\assignment\Y4S2\ce project 2\dognose\20\chaidai\15\train\20251217_110122(0).jpg,20
C:\Users\watsa\OneDrive\Desktop\assignment\Y4S2\ce project 2\dognose\20\chaidai\15\train\20251217_110115.jpg,20
C:\Users\watsa\OneDrive\Desktop\assignment\Y4S2\ce project 2\dognose\20\chaidai\15\train\20251217_110110.jpg,20
C:\Users\watsa\OneDrive\Desktop\assignment\Y4S2\ce project 2\dognose\21\chaidai\15\train\20251217_110012.jpg,21
C:\Users\watsa\OneDrive\Desktop\assignment\Y4S2\ce project 2\dognose\21\chaidai\15\train\20251217_105916(0).jpg,21
C:\Users\watsa\OneDrive\Desktop\assignment\Y4S2\ce project 2\dognose\21\chaidai\15\train\20251217_105913.jpg,21
C:\Users\watsa\OneDrive\Desktop\assignment\Y4S2\ce project 2\dognose\21\chaidai\15\train\20251217_105913(0).jpg,21
C:\Users\watsa\OneDrive\Desktop\assignment\Y4S2\ce project 2\dognose\21\chaidai\15\train\20251217_110019.jpg,21
C:\Users\watsa\OneDrive\Desktop\assignment\Y4S2\ce project 2\dognose\21\chaidai\15\train\20251217_110022.jpg,21
C:\Users\watsa\OneDrive\Desktop\assignment\Y4S2\ce project 2\dognose\21\chaidai\15\train\20251217_110023(0).jpg,21
C:\Users\watsa\OneDrive\Desktop\assignment\Y4S2\ce project 2\dognose\21\chaidai\15\train\20251217_110023.jpg,21
C:\Users\watsa\OneDrive\Desktop\assignment\Y4S2\ce project 2\dognose\21\chaidai\15\train\20251217_105907.jpg,21
C:\Users\watsa\OneDrive\Desktop\assignment\Y4S2\ce project 2\dognose\21\chaidai\15\train\20251217_105906.jpg,21
C:\Users\watsa\OneDrive\Desktop\assignment\Y4S2\ce project 2\dognose\21\chaidai\15\train\20251217_105906(1).jpg,21
C:\Users\watsa\OneDrive\Desktop\assignment\Y4S2\ce project 2\dognose\21\chaidai\15\train\20251217_105855.jpg,21
C:\Users\watsa\OneDrive\Desktop\assignment\Y4S2\ce project 2\dognose\22\chaidai\15\train\9.jpg,22
C:\Users\watsa\OneDrive\Desktop\assignment\Y4S2\ce project 2\dognose\22\chaidai\15\train\8.jpg,22
C:\Users\watsa\OneDrive\Desktop\assignment\Y4S2\ce project 2\dognose\22\chaidai\15\train\4.jpg,22
C:\Users\watsa\OneDrive\Desktop\assignment\Y4S2\ce project 2\dognose\22\chaidai\15\train\24.jpg,22
C:\Users\watsa\OneDrive\Desktop\assignment\Y4S2\ce project 2\dognose\22\chaidai\15\train\23.jpg,22
C:\Users\watsa\OneDrive\Desktop\assignment\Y4S2\ce project 2\dognose\22\chaidai\15\train\22.jpg,22
C:\Users\watsa\OneDrive\Desktop\assignment\Y4S2\ce project 2\dognose\22\chaidai\15\train\21.jpg,22
C:\Users\watsa\OneDrive\Desktop\assignment\Y4S2\ce project 2\dognose\22\chaidai\15\train\16.jpg,22
C:\Users\watsa\OneDrive\Desktop\assignment\Y4S2\ce project 2\dognose\22\chaidai\15\train\0.jpg,22
C:\Users\watsa\OneDrive\Desktop\assignment\Y4S2\ce project 2\dognose\22\chaidai\15\train\10.jpg,22
C:\Users\watsa\OneDrive\Desktop\assignment\Y4S2\ce project 2\dognose\22\chaidai\15\train\12.jpg,22
C:\Users\watsa\OneDrive\Desktop\assignment\Y4S2\ce project 2\dognose\22\chaidai\15\train\13.jpg,22
C:\Users\watsa\OneDrive\Desktop\assignment\Y4S2\ce project 2\dognose\23\chaidai\15\train\9.jpg,23
C:\Users\watsa\OneDrive\Desktop\assignment\Y4S2\ce project 2\dognose\23\chaidai\15\train\6.jpg,23
C:\Users\watsa\OneDrive\Desktop\assignment\Y4S2\ce project 2\dognose\23\chaidai\15\train\46.jpg,23
C:\Users\watsa\OneDrive\Desktop\assignment\Y4S2\ce project 2\dognose\23\chaidai\15\train\42.jpg,23
C:\Users\watsa\OneDrive\Desktop\assignment\Y4S2\ce project 2\dognose\23\chaidai\15\train\20.jpg,23
C:\Users\watsa\OneDrive\Desktop\assignment\Y4S2\ce project 2\dognose\23\chaidai\15\train\22.jpg,23
C:\Users\watsa\OneDrive\Desktop\assignment\Y4S2\ce project 2\dognose\23\chaidai\15\train\23.jpg,23
C:\Users\watsa\OneDrive\Desktop\assignment\Y4S2\ce project 2\dognose\23\chaidai\15\train\40.jpg,23
C:\Users\watsa\OneDrive\Desktop\assignment\Y4S2\ce project 2\dognose\23\chaidai\15\train\18.jpg,23
C:\Users\watsa\OneDrive\Desktop\assignment\Y4S2\ce project 2\dognose\23\chaidai\15\train\17.jpg,23
C:\Users\watsa\OneDrive\Desktop\assignment\Y4S2\ce project 2\dognose\23\chaidai\15\train\15.jpg,23
C:\Users\watsa\OneDrive\Desktop\assignment\Y4S2\ce project 2\dognose\23\chaidai\15\train\0.jpg,23
C:\Users\watsa\OneDrive\Desktop\assignment\Y4S2\ce project 2\dognose\24\chaidai\15\train\20.jpg,24
C:\Users\watsa\OneDrive\Desktop\assignment\Y4S2\ce project 2\dognose\24\chaidai\15\train\25.jpg,24
C:\Users\watsa\OneDrive\Desktop\assignment\Y4S2\ce project 2\dognose\24\chaidai\15\train\35.jpg,24
C:\Users\watsa\OneDrive\Desktop\assignment\Y4S2\ce project 2\dognose\24\chaidai\15\train\46.jpg,24
C:\Users\watsa\OneDrive\Desktop\assignment\Y4S2\ce project 2\dognose\24\chaidai\15\train\11.jpg,24
C:\Users\watsa\OneDrive\Desktop\assignment\Y4S2\ce project 2\dognose\24\chaidai\15\train\14.jpg,24
C:\Users\watsa\OneDrive\Desktop\assignment\Y4S2\ce project 2\dognose\24\chaidai\15\train\18.jpg,24
C:\Users\watsa\OneDrive\Desktop\assignment\Y4S2\ce project 2\dognose\24\chaidai\15\train\2.jpg,24
C:\Users\watsa\OneDrive\Desktop\assignment\Y4S2\ce project 2\dognose\24\chaidai\15\train\8.jpg,24
C:\Users\watsa\OneDrive\Desktop\assignment\Y4S2\ce project 2\dognose\24\chaidai\15\train\56.jpg,24
C:\Users\watsa\OneDrive\Desktop\assignment\Y4S2\ce project 2\dognose\24\chaidai\15\train\55.jpg,24
C:\Users\watsa\OneDrive\Desktop\assignment\Y4S2\ce project 2\dognose\24\chaidai\15\train\54.jpg,24
C:\Users\watsa\OneDrive\Desktop\assignment\Y4S2\ce project 2\dognose\25\chaidai\15\train\12.jpg,25
C:\Users\watsa\OneDrive\Desktop\assignment\Y4S2\ce project 2\dognose\25\chaidai\15\train\17.jpg,25
C:\Users\watsa\OneDrive\Desktop\assignment\Y4S2\ce project 2\dognose\25\chaidai\15\train\19.jpg,25
C:\Users\watsa\OneDrive\Desktop\assignment\Y4S2\ce project 2\dognose\25\chaidai\15\train\23.jpg,25
C:\Users\watsa\OneDrive\Desktop\assignment\Y4S2\ce project 2\dognose\25\chaidai\15\train\24.jpg,25
C:\Users\watsa\OneDrive\Desktop\assignment\Y4S2\ce project 2\dognose\25\chaidai\15\train\30.jpg,25
C:\Users\watsa\OneDrive\Desktop\assignment\Y4S2\ce project 2\dognose\25\chaidai\15\train\32.jpg,25
C:\Users\watsa\OneDrive\Desktop\assignment\Y4S2\ce project 2\dognose\25\chaidai\15\train\33.jpg,25
C:\Users\watsa\OneDrive\Desktop\assignment\Y4S2\ce project 2\dognose\25\chaidai\15\train\37.jpg,25
C:\Users\watsa\OneDrive\Desktop\assignment\Y4S2\ce project 2\dognose\25\chaidai\15\train\38.jpg,25
C:\Users\watsa\OneDrive\Desktop\assignment\Y4S2\ce project 2\dognose\25\chaidai\15\train\8.jpg,25
C:\Users\watsa\OneDrive\Desktop\assignment\Y4S2\ce project 2\dognose\25\chaidai\15\train\9.jpg,25
C:\Users\watsa\OneDrive\Desktop\assignment\Y4S2\ce project 2\dognose\26\chaidai\15\train\19.jpg,26
C:\Users\watsa\OneDrive\Desktop\assignment\Y4S2\ce project 2\dognose\26\chaidai\15\train\18.jpg,26
C:\Users\watsa\OneDrive\Desktop\assignment\Y4S2\ce project 2\dognose\26\chaidai\15\train\10.jpg,26
C:\Users\watsa\OneDrive\Desktop\assignment\Y4S2\ce project 2\dognose\26\chaidai\15\train\33.jpg,26
C:\Users\watsa\OneDrive\Desktop\assignment\Y4S2\ce project 2\dognose\26\chaidai\15\train\39.jpg,26
C:\Users\watsa\OneDrive\Desktop\assignment\Y4S2\ce project 2\dognose\26\chaidai\15\train\38.jpg,26
C:\Users\watsa\OneDrive\Desktop\assignment\Y4S2\ce project 2\dognose\26\chaidai\15\train\34.jpg,26
C:\Users\watsa\OneDrive\Desktop\assignment\Y4S2\ce project 2\dognose\26\chaidai\15\train\21.jpg,26
C:\Users\watsa\OneDrive\Desktop\assignment\Y4S2\ce project 2\dognose\26\chaidai\15\train\31.jpg,26
C:\Users\watsa\OneDrive\Desktop\assignment\Y4S2\ce project 2\dognose\26\chaidai\15\train\28.jpg,26
C:\Users\watsa\OneDrive\Desktop\assignment\Y4S2\ce project 2\dognose\26\chaidai\15\train\23.jpg,26
C:\Users\watsa\OneDrive\Desktop\assignment\Y4S2\ce project 2\dognose\26\chaidai\15\train\40.jpg,26
C:\Users\watsa\OneDrive\Desktop\assignment\Y4S2\ce project 2\dognose\27\chaidai\15\train\37.jpg,27
C:\Users\watsa\OneDrive\Desktop\assignment\Y4S2\ce project 2\dognose\27\chaidai\15\train\38.jpg,27
C:\Users\watsa\OneDrive\Desktop\assignment\Y4S2\ce project 2\dognose\27\chaidai\15\train\5.jpg,27
C:\Users\watsa\OneDrive\Desktop\assignment\Y4S2\ce project 2\dognose\27\chaidai\15\train\36.jpg,27
C:\Users\watsa\OneDrive\Desktop\assignment\Y4S2\ce project 2\dognose\27\chaidai\15\train\30.jpg,27
C:\Users\watsa\OneDrive\Desktop\assignment\Y4S2\ce project 2\dognose\27\chaidai\15\train\28.jpg,27
C:\Users\watsa\OneDrive\Desktop\assignment\Y4S2\ce project 2\dognose\27\chaidai\15\train\26.jpg,27
C:\Users\watsa\OneDrive\Desktop\assignment\Y4S2\ce project 2\dognose\27\chaidai\15\train\34.jpg,27
C:\Users\watsa\OneDrive\Desktop\assignment\Y4S2\ce project 2\dognose\27\chaidai\15\train\14.jpg,27
C:\Users\watsa\OneDrive\Desktop\assignment\Y4S2\ce project 2\dognose\27\chaidai\15\train\32.jpg,27
C:\Users\watsa\OneDrive\Desktop\assignment\Y4S2\ce project 2\dognose\27\chaidai\15\train\35.jpg,27
C:\Users\watsa\OneDrive\Desktop\assignment\Y4S2\ce project 2\dognose\27\chaidai\15\train\42.jpg,27
C:\Users\watsa\OneDrive\Desktop\assignment\Y4S2\ce project 2\dognose\28\chaidai\15\train\7.jpg,28
C:\Users\watsa\OneDrive\Desktop\assignment\Y4S2\ce project 2\dognose\28\chaidai\15\train\55.jpg,28
C:\Users\watsa\OneDrive\Desktop\assignment\Y4S2\ce project 2\dognose\28\chaidai\15\train\46.jpg,28
C:\Users\watsa\OneDrive\Desktop\assignment\Y4S2\ce project 2\dognose\28\chaidai\15\train\39.jpg,28
C:\Users\watsa\OneDrive\Desktop\assignment\Y4S2\ce project 2\dognose\28\chaidai\15\train\36.jpg,28
C:\Users\watsa\OneDrive\Desktop\assignment\Y4S2\ce project 2\dognose\28\chaidai\15\train\34.jpg,28
C:\Users\watsa\OneDrive\Desktop\assignment\Y4S2\ce project 2\dognose\28\chaidai\15\train\3.jpg,28
C:\Users\watsa\OneDrive\Desktop\assignment\Y4S2\ce project 2\dognose\28\chaidai\15\train\59.jpg,28
C:\Users\watsa\OneDrive\Desktop\assignment\Y4S2\ce project 2\dognose\28\chaidai\15\train\25.jpg,28
C:\Users\watsa\OneDrive\Desktop\assignment\Y4S2\ce project 2\dognose\28\chaidai\15\train\16.jpg,28
C:\Users\watsa\OneDrive\Desktop\assignment\Y4S2\ce project 2\dognose\28\chaidai\15\train\13.jpg,28
C:\Users\watsa\OneDrive\Desktop\assignment\Y4S2\ce project 2\dognose\28\chaidai\15\train\21.jpg,28
C:\Users\watsa\OneDrive\Desktop\assignment\Y4S2\ce project 2\dognose\29\chaidai\15\train\12.jpg,29
C:\Users\watsa\OneDrive\Desktop\assignment\Y4S2\ce project 2\dognose\29\chaidai\15\train\21.jpg,29
C:\Users\watsa\OneDrive\Desktop\assignment\Y4S2\ce project 2\dognose\29\chaidai\15\train\33.jpg,29
C:\Users\watsa\OneDrive\Desktop\assignment\Y4S2\ce project 2\dognose\29\chaidai\15\train\30.jpg,29
C:\Users\watsa\OneDrive\Desktop\assignment\Y4S2\ce project 2\dognose\29\chaidai\15\train\19.jpg,29
C:\Users\watsa\OneDrive\Desktop\assignment\Y4S2\ce project 2\dognose\29\chaidai\15\train\9.jpg,29
C:\Users\watsa\OneDrive\Desktop\assignment\Y4S2\ce project 2\dognose\29\chaidai\15\train\36.jpg,29
C:\Users\watsa\OneDrive\Desktop\assignment\Y4S2\ce project 2\dognose\29\chaidai\15\train\44.jpg,29
C:\Users\watsa\OneDrive\Desktop\assignment\Y4S2\ce project 2\dognose\29\chaidai\15\train\10.jpg,29
C:\Users\watsa\OneDrive\Desktop\assignment\Y4S2\ce project 2\dognose\29\chaidai\15\train\15.jpg,29
C:\Users\watsa\OneDrive\Desktop\assignment\Y4S2\ce project 2\dognose\29\chaidai\15\train\34.jpg,29
C:\Users\watsa\OneDrive\Desktop\assignment\Y4S2\ce project 2\dognose\29\chaidai\15\train\39.jpg,29
C:\Users\watsa\OneDrive\Desktop\assignment\Y4S2\ce project 2\dognose\30\chaidai\15\train\15.jpg,30
C:\Users\watsa\OneDrive\Desktop\assignment\Y4S2\ce project 2\dognose\30\chaidai\15\train\6.jpg,30
C:\Users\watsa\OneDrive\Desktop\assignment\Y4S2\ce project 2\dognose\30\chaidai\15\train\8.jpg,30
C:\Users\watsa\OneDrive\Desktop\assignment\Y4S2\ce project 2\dognose\30\chaidai\15\train\35.jpg,30
C:\Users\watsa\OneDrive\Desktop\assignment\Y4S2\ce project 2\dognose\30\chaidai\15\train\5.jpg,30
C:\Users\watsa\OneDrive\Desktop\assignment\Y4S2\ce project 2\dognose\30\chaidai\15\train\27.jpg,30
C:\Users\watsa\OneDrive\Desktop\assignment\Y4S2\ce project 2\dognose\30\chaidai\15\train\34.jpg,30
C:\Users\watsa\OneDrive\Desktop\assignment\Y4S2\ce project 2\dognose\30\chaidai\15\train\32.jpg,30
C:\Users\watsa\OneDrive\Desktop\assignment\Y4S2\ce project 2\dognose\30\chaidai\15\train\7.jpg,30
C:\Users\watsa\OneDrive\Desktop\assignment\Y4S2\ce project 2\dognose\30\chaidai\15\train\22.jpg,30
C:\Users\watsa\OneDrive\Desktop\assignment\Y4S2\ce project 2\dognose\30\chaidai\15\train\16.jpg,30
C:\Users\watsa\OneDrive\Desktop\assignment\Y4S2\ce project 2\dognose\30\chaidai\15\train\9.jpg,30
C:\Users\watsa\OneDrive\Desktop\assignment\Y4S2\ce project 2\dognose\31\chaidai\15\train\8.jpg,31
C:\Users\watsa\OneDrive\Desktop\assignment\Y4S2\ce project 2\dognose\31\chaidai\15\train\7.jpg,31
C:\Users\watsa\OneDrive\Desktop\assignment\Y4S2\ce project 2\dognose\31\chaidai\15\train\2.jpg,31
C:\Users\watsa\OneDrive\Desktop\assignment\Y4S2\ce project 2\dognose\31\chaidai\15\train\3.jpg,31
C:\Users\watsa\OneDrive\Desktop\assignment\Y4S2\ce project 2\dognose\31\chaidai\15\train\10.jpg,31
C:\Users\watsa\OneDrive\Desktop\assignment\Y4S2\ce project 2\dognose\31\chaidai\15\train\12.jpg,31
C:\Users\watsa\OneDrive\Desktop\assignment\Y4S2\ce project 2\dognose\31\chaidai\15\train\15.jpg,31
C:\Users\watsa\OneDrive\Desktop\assignment\Y4S2\ce project 2\dognose\31\chaidai\15\train\17.jpg,31
C:\Users\watsa\OneDrive\Desktop\assignment\Y4S2\ce project 2\dognose\31\chaidai\15\train\0.jpg,31
C:\Users\watsa\OneDrive\Desktop\assignment\Y4S2\ce project 2\dognose\31\chaidai\15\train\11.jpg,31
C:\Users\watsa\OneDrive\Desktop\assignment\Y4S2\ce project 2\dognose\31\chaidai\15\train\16.jpg,31
C:\Users\watsa\OneDrive\Desktop\assignment\Y4S2\ce project 2\dognose\31\chaidai\15\train\18.jpg,31
C:\Users\watsa\OneDrive\Desktop\assignment\Y4S2\ce project 2\dognose\32\chaidai\15\train\6.jpg,32
C:\Users\watsa\OneDrive\Desktop\assignment\Y4S2\ce project 2\dognose\32\chaidai\15\train\37.jpg,32
C:\Users\watsa\OneDrive\Desktop\assignment\Y4S2\ce project 2\dognose\32\chaidai\15\train\38.jpg,32
C:\Users\watsa\OneDrive\Desktop\assignment\Y4S2\ce project 2\dognose\32\chaidai\15\train\4.jpg,32
C:\Users\watsa\OneDrive\Desktop\assignment\Y4S2\ce project 2\dognose\32\chaidai\15\train\41.jpg,32
C:\Users\watsa\OneDrive\Desktop\assignment\Y4S2\ce project 2\dognose\32\chaidai\15\train\48.jpg,32
C:\Users\watsa\OneDrive\Desktop\assignment\Y4S2\ce project 2\dognose\32\chaidai\15\train\43.jpg,32
C:\Users\watsa\OneDrive\Desktop\assignment\Y4S2\ce project 2\dognose\32\chaidai\15\train\47.jpg,32
C:\Users\watsa\OneDrive\Desktop\assignment\Y4S2\ce project 2\dognose\32\chaidai\15\train\32.jpg,32
C:\Users\watsa\OneDrive\Desktop\assignment\Y4S2\ce project 2\dognose\32\chaidai\15\train\0.jpg,32
C:\Users\watsa\OneDrive\Desktop\assignment\Y4S2\ce project 2\dognose\32\chaidai\15\train\31.jpg,32
C:\Users\watsa\OneDrive\Desktop\assignment\Y4S2\ce project 2\dognose\32\chaidai\15\train\3.jpg,32
C:\Users\watsa\OneDrive\Desktop\assignment\Y4S2\ce project 2\dognose\33\chaidai\15\train\23.jpg,33
C:\Users\watsa\OneDrive\Desktop\assignment\Y4S2\ce project 2\dognose\33\chaidai\15\train\17.jpg,33
C:\Users\watsa\OneDrive\Desktop\assignment\Y4S2\ce project 2\dognose\33\chaidai\15\train\22.jpg,33
C:\Users\watsa\OneDrive\Desktop\assignment\Y4S2\ce project 2\dognose\33\chaidai\15\train\15.jpg,33
C:\Users\watsa\OneDrive\Desktop\assignment\Y4S2\ce project 2\dognose\33\chaidai\15\train\29.jpg,33
C:\Users\watsa\OneDrive\Desktop\assignment\Y4S2\ce project 2\dognose\33\chaidai\15\train\37.jpg,33
C:\Users\watsa\OneDrive\Desktop\assignment\Y4S2\ce project 2\dognose\33\chaidai\15\train\35.jpg,33
C:\Users\watsa\OneDrive\Desktop\assignment\Y4S2\ce project 2\dognose\33\chaidai\15\train\34.jpg,33
C:\Users\watsa\OneDrive\Desktop\assignment\Y4S2\ce project 2\dognose\33\chaidai\15\train\33.jpg,33
C:\Users\watsa\OneDrive\Desktop\assignment\Y4S2\ce project 2\dognose\33\chaidai\15\train\24.jpg,33
C:\Users\watsa\OneDrive\Desktop\assignment\Y4S2\ce project 2\dognose\33\chaidai\15\train\32.jpg,33
C:\Users\watsa\OneDrive\Desktop\assignment\Y4S2\ce project 2\dognose\33\chaidai\15\train\36.jpg,33
C:\Users\watsa\OneDrive\Desktop\assignment\Y4S2\ce project 2\dognose\34\chaidai\15\train\08.jpg,34
C:\Users\watsa\OneDrive\Desktop\assignment\Y4S2\ce project 2\dognose\34\chaidai\15\train\46.jpg,34
C:\Users\watsa\OneDrive\Desktop\assignment\Y4S2\ce project 2\dognose\34\chaidai\15\train\42.jpg,34
C:\Users\watsa\OneDrive\Desktop\assignment\Y4S2\ce project 2\dognose\34\chaidai\15\train\30.jpg,34
C:\Users\watsa\OneDrive\Desktop\assignment\Y4S2\ce project 2\dognose\34\chaidai\15\train\26.jpg,34
C:\Users\watsa\OneDrive\Desktop\assignment\Y4S2\ce project 2\dognose\34\chaidai\15\train\06.jpg,34
C:\Users\watsa\OneDrive\Desktop\assignment\Y4S2\ce project 2\dognose\34\chaidai\15\train\05.jpg,34
C:\Users\watsa\OneDrive\Desktop\assignment\Y4S2\ce project 2\dognose\34\chaidai\15\train\04.jpg,34
C:\Users\watsa\OneDrive\Desktop\assignment\Y4S2\ce project 2\dognose\34\chaidai\15\train\47.jpg,34
C:\Users\watsa\OneDrive\Desktop\assignment\Y4S2\ce project 2\dognose\34\chaidai\15\train\18.jpg,34
C:\Users\watsa\OneDrive\Desktop\assignment\Y4S2\ce project 2\dognose\34\chaidai\15\train\09.jpg,34
C:\Users\watsa\OneDrive\Desktop\assignment\Y4S2\ce project 2\dognose\34\chaidai\15\train\50.jpg,34
C:\Users\watsa\OneDrive\Desktop\assignment\Y4S2\ce project 2\dognose\35\chaidai\15\train\04.jpg,35
C:\Users\watsa\OneDrive\Desktop\assignment\Y4S2\ce project 2\dognose\35\chaidai\15\train\10.jpg,35
C:\Users\watsa\OneDrive\Desktop\assignment\Y4S2\ce project 2\dognose\35\chaidai\15\train\11.jpg,35
C:\Users\watsa\OneDrive\Desktop\assignment\Y4S2\ce project 2\dognose\35\chaidai\15\train\17.jpg,35
C:\Users\watsa\OneDrive\Desktop\assignment\Y4S2\ce project 2\dognose\35\chaidai\15\train\18.jpg,35
C:\Users\watsa\OneDrive\Desktop\assignment\Y4S2\ce project 2\dognose\35\chaidai\15\train\19.jpg,35
C:\Users\watsa\OneDrive\Desktop\assignment\Y4S2\ce project 2\dognose\35\chaidai\15\train\20.jpg,35
C:\Users\watsa\OneDrive\Desktop\assignment\Y4S2\ce project 2\dognose\35\chaidai\15\train\23.jpg,35
C:\Users\watsa\OneDrive\Desktop\assignment\Y4S2\ce project 2\dognose\35\chaidai\15\train\22.jpg,35
C:\Users\watsa\OneDrive\Desktop\assignment\Y4S2\ce project 2\dognose\35\chaidai\15\train\07.jpg,35
C:\Users\watsa\OneDrive\Desktop\assignment\Y4S2\ce project 2\dognose\35\chaidai\15\train\02.jpg,35
C:\Users\watsa\OneDrive\Desktop\assignment\Y4S2\ce project 2\dognose\35\chaidai\15\train\12.jpg,35
C:\Users\watsa\OneDrive\Desktop\assignment\Y4S2\ce project 2\dognose\36\chaidai\15\train\04.jpg,36
C:\Users\watsa\OneDrive\Desktop\assignment\Y4S2\ce project 2\dognose\36\chaidai\15\train\05.jpg,36
C:\Users\watsa\OneDrive\Desktop\assignment\Y4S2\ce project 2\dognose\36\chaidai\15\train\01.jpg,36
C:\Users\watsa\OneDrive\Desktop\assignment\Y4S2\ce project 2\dognose\36\chaidai\15\train\18.jpg,36
C:\Users\watsa\OneDrive\Desktop\assignment\Y4S2\ce project 2\dognose\36\chaidai\15\train\13.jpg,36
C:\Users\watsa\OneDrive\Desktop\assignment\Y4S2\ce project 2\dognose\36\chaidai\15\train\22.jpg,36
C:\Users\watsa\OneDrive\Desktop\assignment\Y4S2\ce project 2\dognose\36\chaidai\15\train\27.JPG,36
C:\Users\watsa\OneDrive\Desktop\assignment\Y4S2\ce project 2\dognose\36\chaidai\15\train\19.jpg,36
C:\Users\watsa\OneDrive\Desktop\assignment\Y4S2\ce project 2\dognose\36\chaidai\15\train\08.jpg,36
C:\Users\watsa\OneDrive\Desktop\assignment\Y4S2\ce project 2\dognose\36\chaidai\15\train\10.jpg,36
C:\Users\watsa\OneDrive\Desktop\assignment\Y4S2\ce project 2\dognose\36\chaidai\15\train\11.jpg,36
C:\Users\watsa\OneDrive\Desktop\assignment\Y4S2\ce project 2\dognose\36\chaidai\15\train\28.JPG,36
C:\Users\watsa\OneDrive\Desktop\assignment\Y4S2\ce project 2\dognose\37\chaidai\15\train\23.jpg,37
C:\Users\watsa\OneDrive\Desktop\assignment\Y4S2\ce project 2\dognose\37\chaidai\15\train\21.jpg,37
C:\Users\watsa\OneDrive\Desktop\assignment\Y4S2\ce project 2\dognose\37\chaidai\15\train\1.jpg,37
C:\Users\watsa\OneDrive\Desktop\assignment\Y4S2\ce project 2\dognose\37\chaidai\15\train\31.jpg,37
C:\Users\watsa\OneDrive\Desktop\assignment\Y4S2\ce project 2\dognose\37\chaidai\15\train\3.jpg,37
C:\Users\watsa\OneDrive\Desktop\assignment\Y4S2\ce project 2\dognose\37\chaidai\15\train\45.jpg,37
C:\Users\watsa\OneDrive\Desktop\assignment\Y4S2\ce project 2\dognose\37\chaidai\15\train\29.jpg,37
C:\Users\watsa\OneDrive\Desktop\assignment\Y4S2\ce project 2\dognose\37\chaidai\15\train\38.jpg,37
C:\Users\watsa\OneDrive\Desktop\assignment\Y4S2\ce project 2\dognose\37\chaidai\15\train\27.jpg,37
C:\Users\watsa\OneDrive\Desktop\assignment\Y4S2\ce project 2\dognose\37\chaidai\15\train\39.jpg,37
C:\Users\watsa\OneDrive\Desktop\assignment\Y4S2\ce project 2\dognose\37\chaidai\15\train\6.jpg,37
C:\Users\watsa\OneDrive\Desktop\assignment\Y4S2\ce project 2\dognose\37\chaidai\15\train\37.jpg,37
C:\Users\watsa\OneDrive\Desktop\assignment\Y4S2\ce project 2\dognose\38\chaidai\train\20.jpg,38
C:\Users\watsa\OneDrive\Desktop\assignment\Y4S2\ce project 2\dognose\38\chaidai\train\21.jpg,38
C:\Users\watsa\OneDrive\Desktop\assignment\Y4S2\ce project 2\dognose\38\chaidai\train\19.jpg,38
C:\Users\watsa\OneDrive\Desktop\assignment\Y4S2\ce project 2\dognose\38\chaidai\train\24.jpg,38
C:\Users\watsa\OneDrive\Desktop\assignment\Y4S2\ce project 2\dognose\38\chaidai\train\23.jpg,38
C:\Users\watsa\OneDrive\Desktop\assignment\Y4S2\ce project 2\dognose\38\chaidai\train\22.jpg,38
C:\Users\watsa\OneDrive\Desktop\assignment\Y4S2\ce project 2\dognose\39\train\1581686_0.jpg,39
C:\Users\watsa\OneDrive\Desktop\assignment\Y4S2\ce project 2\dognose\39\train\1581685_0.jpg,39
C:\Users\watsa\OneDrive\Desktop\assignment\Y4S2\ce project 2\dognose\39\train\1581698_0.jpg,39
C:\Users\watsa\OneDrive\Desktop\assignment\Y4S2\ce project 2\dognose\39\train\1581688_0.jpg,39
C:\Users\watsa\OneDrive\Desktop\assignment\Y4S2\ce project 2\dognose\39\train\1581687_0.jpg,39
